0004_0,30
0004_1,30
0004_2,30
0004_3,30
0004_4,7
0004_5,30
0004_6,30
0004_7,7
0004_8,30
0004_9,30
0004_10,30
0004_11,30
0004_12,30
0004_13,30
0004_14,30
0004_15,30
0004_16,7
0004_17,7
0004_18,30
0004_19,30
0004_20,31
0004_21,30
0004_22,31
0004_23,31
0004_24,30
0004_25,30
0004_26,30
0004_27,30
0004_28,30
0004_29,31
0004_30,30
0004_31,30
0004_32,7
0004_33,30
0004_34,30
0004_35,30
0004_36,30
0004_37,31
0004_38,7
0004_39,30
0004_40,30
0004_41,30
0004_42,30
0004_43,30
0004_44,30
0004_45,30
0004_46,7
0004_47,7
0004_48,7
0004_49,31
0004_50,7
0004_51,30
0004_52,31
0004_53,30
0004_54,30
0004_55,30
0004_56,30
0004_57,30
0004_58,30
0004_59,7
0004_60,7
0004_61,30
0004_62,31
0004_63,7
0004_64,31
0004_65,7
0004_66,30
0004_67,30
0004_68,31
0004_69,7
0004_70,31
0004_71,31
0004_72,7
0004_73,31
0004_74,31
0004_75,7
0004_76,31
0004_77,30
0004_78,30
0004_79,30
0004_80,30
0004_81,30
0004_82,30
0004_83,30
0004_84,30
0004_85,30
0004_86,31
0004_87,31
0004_88,30
0004_89,7
0004_90,30
0004_91,7
0004_92,7
0004_93,7
0004_94,30
0004_95,7
0004_96,7
0004_97,30
0004_98,31
0004_99,31
0004_100,30
0004_101,31
0004_102,30
0004_103,7
0004_104,7
0004_105,30
0004_106,31
0007_0,22
0007_1,30
0007_2,22
0007_3,22
0007_4,22
0007_5,30
0007_6,30
0007_7,30
0007_8,30
0007_9,22
0007_10,30
0007_11,7
0007_12,22
0007_13,31
0007_14,7
0007_15,7
0007_16,30
0007_17,30
0007_18,30
0007_19,30
0007_20,7
0007_21,30
0007_22,30
0007_23,30
0007_24,31
0007_25,30
0007_26,30
0007_27,30
0007_28,30
0007_29,31
0007_30,30
0007_31,30
0007_32,30
0007_33,7
0007_34,30
0007_35,30
0007_36,30
0007_37,30
0007_38,30
0007_39,30
0007_40,30
0007_41,7
0007_42,7
0007_43,30
0007_44,30
0007_45,30
0007_46,31
0007_47,30
0007_48,30
0007_49,30
0007_50,30
0007_51,7
0007_52,30
0007_53,7
0007_54,30
0007_55,30
0007_56,7
0007_57,30
0003_0,7
0003_1,22
0003_2,30
0003_3,30
0003_4,30
0003_5,30
0003_6,30
0003_7,30
0003_8,30
0003_9,30
0003_10,30
0003_11,30
0003_12,30
0003_13,30
0003_14,30
0003_15,30
0003_16,30
0003_17,30
0003_18,30
0003_19,31
0003_20,31
0003_21,30
0003_22,30
0003_23,30
0003_24,30
0003_25,30
0003_26,30
0003_27,30
0003_28,30
0003_29,31
0003_30,30
0003_31,30
0003_32,30
0003_33,30
0003_34,30
0003_35,30
0003_36,31
0003_37,30
0003_38,30
0003_39,7
0003_40,30
0003_41,31
0003_42,30
0003_43,30
0003_44,30
0003_45,31
0003_46,30
0003_47,30
0003_48,30
0003_49,30
0003_50,30
0003_51,31
0003_52,30
0003_53,30
0003_54,31
0003_55,31
0003_56,7
0003_57,30
0003_58,30
0003_59,30
0003_60,30
0003_61,30
0003_62,30
0003_63,30
0003_64,31
0003_65,30
0003_66,30
0003_67,30
0003_68,30
0003_69,30
0003_70,7
0003_71,30
0003_72,7
0003_73,30
0003_74,7
0003_75,7
0003_76,7
0003_77,30
0003_78,7
0003_79,30
0003_80,30
0003_81,30
0003_82,30
0003_83,30
0003_84,30
0003_85,30
0003_86,31
0003_87,30
0003_88,30
0003_89,30
0003_90,31
0003_91,7
0003_92,30
0003_93,30
0003_94,31
0003_95,31
0003_96,7
0003_97,7
0003_98,7
0008_0,30
0008_1,30
0008_2,30
0008_3,30
0008_4,31
0008_5,30
0008_6,30
0008_7,7
0008_8,30
0008_9,7
0008_10,7
0008_11,30
0008_12,30
0008_13,7
0008_14,30
0008_15,30
0008_16,30
0008_17,31
0008_18,30
0008_19,30
0008_20,30
0008_21,30
0008_22,30
0008_23,30
0008_24,30
0008_25,30
0008_26,7
0008_27,7
0008_28,30
0008_29,30
0008_30,30
0008_31,30
0008_32,30
0008_33,30
0008_34,30
0008_35,30
0008_36,30
0008_37,30
0008_38,7
0008_39,30
0008_40,30
0008_41,30
0008_42,30
0008_43,30
0008_44,30
0008_45,30
0008_46,30
0008_47,30
0008_48,31
0008_49,30
0008_50,30
0008_51,31
0008_52,30
0008_53,30
0008_54,31
0008_55,31
0008_56,30
0008_57,30
0008_58,31
0008_59,30
0008_60,31
0008_61,30
0008_62,7
0008_63,30
0008_64,31
0008_65,30
0008_66,31
0008_67,30
0008_68,30
0008_69,7
0008_70,31
0008_71,31
0008_72,30
0008_73,30
0008_74,7
0008_75,31
0008_76,7
0008_77,30
0008_78,30
0008_79,30
0008_80,30
0008_81,30
0008_82,7
0008_83,31
0008_84,31
0008_85,30
0008_86,31
0008_87,31
0008_88,31
0008_89,31
0008_90,31
0008_91,30
0008_92,30
0008_93,7
0008_94,31
0008_95,31
0008_96,31
0008_97,31
0008_98,30
0008_99,7
0008_100,31
0008_101,30
0008_102,7
0008_103,30
0008_104,31
0008_105,30
0008_106,7
0011_0,7
0011_1,7
0011_2,30
0011_3,30
0011_4,30
0011_5,31
0011_6,30
0011_7,7
0011_8,30
0011_9,7
0011_10,30
0011_11,30
0011_12,31
0011_13,30
0011_14,31
0011_15,7
0011_16,30
0011_17,7
0011_18,31
0011_19,30
0011_20,31
0011_21,31
0011_22,30
0011_23,31
0011_24,30
0011_25,30
0011_26,30
0011_27,30
0011_28,7
0011_29,30
0011_30,30
0011_31,30
0011_32,30
0011_33,30
0011_34,7
0011_35,30
0011_36,30
0011_37,30
0011_38,30
0011_39,30
0011_40,30
0011_41,30
0011_42,30
0011_43,30
0011_44,30
0011_45,30
0011_46,31
0011_47,30
0009_0,7
0009_1,30
0009_2,30
0009_3,30
0009_4,31
0009_5,30
0009_6,7
0009_7,7
0009_8,7
0009_9,7
0009_10,30
0009_11,7
0009_12,7
0009_13,7
0009_14,7
0009_15,7
0009_16,30
0009_17,7
0009_18,31
0009_19,7
0009_20,30
0009_21,31
0009_22,30
0009_23,7
0009_24,31
0009_25,30
0009_26,30
0009_27,30
0009_28,30
0009_29,7
0010_0,7
0010_1,31
0010_2,7
0010_3,31
0010_4,31
0010_5,7
0010_6,30
0010_7,31
0010_8,30
0010_9,30
0010_10,30
0010_11,30
0010_12,30
0010_13,30
0010_14,31
0010_15,30
0010_16,7
0010_17,30
0010_18,7
0010_19,30
0010_20,30
0010_21,7
0010_22,7
0010_23,7
0010_24,7
0010_25,30
0010_26,7
0010_27,7
0010_28,7
0010_29,7
0010_30,30
0010_31,7
0010_32,31
0010_33,7
0010_34,7
0010_35,7
0010_36,7
0010_37,7
0010_38,7
0010_39,31
0010_40,30
0010_41,30
0010_42,7
0010_43,30
0010_44,7
0010_45,7
0010_46,7
0010_47,7
0010_48,30
0010_49,7
0006_0,22
0006_1,30
0006_2,30
0006_3,30
0006_4,30
0006_5,30
0006_6,30
0006_7,30
0006_8,30
0006_9,30
0006_10,30
0006_11,30
0006_12,30
0006_13,30
0006_14,30
0006_15,30
0006_16,30
0006_17,30
0006_18,30
0006_19,30
0006_20,30
0006_21,30
0006_22,30
0006_23,30
0006_24,30
0006_25,7
0006_26,30
0006_27,30
0006_28,7
0006_29,30
0006_30,7
0006_31,7
0006_32,30
0006_33,30
0006_34,30
0006_35,30
0006_36,30
0006_37,30
0006_38,30
0006_39,7
0006_40,7
0006_41,30
0006_42,7
0006_43,31
0006_44,30
0006_45,31
0006_46,30
0006_47,30
0006_48,31
0006_49,30
0006_50,30
0006_51,30
0006_52,30
0006_53,7
0006_54,7
0006_55,30
0006_56,7
0006_57,7
0006_58,31
0006_59,30
0006_60,30
0006_61,30
0006_62,30
0006_63,7
0006_64,30
0006_65,30
0006_66,30
0006_67,30
0006_68,31
0006_69,31
0006_70,30
0006_71,7
0006_72,31
0006_73,31
0006_74,30
0002_0,30
0002_1,30
0002_2,30
0002_3,30
0002_4,7
0002_5,30
0002_6,30
0002_7,30
0002_8,30
0002_9,30
0002_10,30
0002_11,30
0002_12,30
0002_13,30
0002_14,22
0002_15,30
0002_16,30
0002_17,30
0002_18,30
0002_19,30
0002_20,30
0002_21,30
0002_22,22
0002_23,30
0002_24,30
0002_25,30
0002_26,31
0002_27,30
0002_28,30
0002_29,30
0002_30,7
0002_31,31
0002_32,30
0002_33,30
0002_34,30
0002_35,30
0002_36,31
0002_37,7
0002_38,30
0002_39,7
0002_40,31
0002_41,30
0002_42,30
0002_43,30
0002_44,30
0002_45,31
0002_46,7
0002_47,30
0002_48,30
0002_49,7
0002_50,30
0002_51,30
0002_52,31
0002_53,31
0002_54,30
0002_55,30
0002_56,30
0002_57,30
0002_58,31
0002_59,31
0002_60,7
0002_61,7
0002_62,30
0002_63,31
0002_64,30
0002_65,30
0002_66,30
0002_67,30
0002_68,30
0002_69,31
0002_70,7
0002_71,31
0002_72,7
0002_73,7
0002_74,7
0002_75,30
0002_76,7
0002_77,7
0002_78,30
0002_79,30
0002_80,30
0002_81,7
0002_82,7
0002_83,7
0002_84,30
0002_85,7
0002_86,7
0002_87,7
0002_88,7
0002_89,30
0002_90,30
0002_91,30
0002_92,30
0002_93,30
0002_94,31
0002_95,30
0002_96,30
0002_97,30
0002_98,30
0002_99,30
0002_100,30
0002_101,30
0002_102,7
0002_103,7
0002_104,31
0002_105,30
0002_106,30
0002_107,30
0002_108,30
0002_109,7
0002_110,31
0002_111,30
0002_112,30
0002_113,31
0002_114,31
0002_115,31
0002_116,31
0002_117,31
0002_118,31
0002_119,30
0002_120,30
0002_121,30
0002_122,31
0002_123,30
0002_124,30
0002_125,30
0002_126,30
0002_127,30
0002_128,30
0002_129,31
0002_130,30
0002_131,30
0001_0,30
0001_1,30
0001_2,30
0001_3,30
0001_4,30
0001_5,30
0001_6,30
0001_7,30
0001_8,30
0001_9,30
0001_10,30
0001_11,30
0001_12,30
0001_13,30
0001_14,30
0001_15,30
0001_16,30
0001_17,30
0001_18,22
0001_19,31
0001_20,30
0001_21,30
0001_22,30
0001_23,30
0001_24,30
0001_25,31
0001_26,30
0001_27,30
0001_28,30
0001_29,30
0001_30,7
0001_31,30
0001_32,30
0001_33,30
0001_34,30
0001_35,30
0001_36,30
0001_37,30
0001_38,30
0001_39,7
0001_40,30
0001_41,30
0001_42,30
0001_43,30
0001_44,30
0001_45,30
0001_46,30
0001_47,7
0001_48,31
0001_49,30
0001_50,30
0001_51,7
0001_52,31
0001_53,7
0001_54,30
0001_55,31
0001_56,30
0001_57,30
0001_58,30
0001_59,31
0001_60,7
0001_61,30
0001_62,7
0001_63,7
0001_64,30
0001_65,30
0001_66,30
0001_67,30
0001_68,31
0001_69,30
0001_70,7
